https://pic4.zhimg.com/v2-b5ef8ebfb669ca557f5841e7260766f4_r.jpg,266354731
https://pic4.zhimg.com/v2-433b776d64321d2d6c9acc16a1aeca21_r.jpg,266354731
https://pic2.zhimg.com/v2-a842c161b96c62aaa9761ae7b6fc183a_r.jpg,266354731
https://pic4.zhimg.com/v2-a2078dfaaaf1e6ef964a32b500fd6ac8_r.jpg,266354731
https://pic4.zhimg.com/v2-4d899bde23d26e7d6cca95b3fe6be5b0_r.jpg,266354731
https://pic4.zhimg.com/v2-6999ac0f7917a25b2a25470ebb447eea_r.jpg,266354731
https://pic3.zhimg.com/v2-be2d929b54e9305ca10fa76f37c002ef_r.jpg,266354731
https://pic2.zhimg.com/v2-88df070861c54de119eb521dfc310d59_r.jpg,266354731
https://pic3.zhimg.com/v2-fa8d62364fc48e9284ef1cf560b034da_r.jpg,266354731
https://pic4.zhimg.com/v2-71270b33f1060ba2189ec605810b78eb_r.jpg,266354731
https://pic3.zhimg.com/v2-c4a4ec7550db7ebdad11262be1d9debb_r.jpg,266354731
https://pic3.zhimg.com/v2-8fde979972e32f2de8ebd7ad45c6cb1c_r.jpg,266354731
https://pic2.zhimg.com/v2-ec6aea9e14b34e567325e0b1a21e3a61_r.jpg,266354731
https://pic4.zhimg.com/v2-15921bf0ee024c3c3c7ff1bdfc5cc66c_r.jpg,266354731
https://pic1.zhimg.com/v2-7ca527c4bb200ad13dbc3e7bd17ec94e_r.jpg,266354731
https://pic1.zhimg.com/v2-19aac9c837fd097133652e27f8b41186_r.jpg,266354731
https://pic2.zhimg.com/v2-226e9a042822ac548a6931e97b0d26fb_r.jpg,266354731
https://pic2.zhimg.com/v2-04ecbda377c6be1a26ca921e0bfb2d0c_r.jpg,266354731
https://pic2.zhimg.com/v2-2744f4a6ac4f73f3bf634b8f084adfdc_r.jpg,266354731
https://pic3.zhimg.com/v2-46ee9ee91da6ab1610b310cc0a3621d8_r.jpg,266354731
https://pic4.zhimg.com/v2-7e52d7dddbabd499270b753fa335db32_r.jpg,266354731
https://pic3.zhimg.com/v2-ffbd1248b2c3ab2257cf91b0063b4482_r.jpg,266354731
https://pic2.zhimg.com/v2-1a52123cc06e9c5e302ef82bc5e8f216_r.jpg,266354731
https://pic2.zhimg.com/v2-d9a611574a46780fb6b5a537717fd19d_r.jpg,266354731
https://pic3.zhimg.com/v2-5fe985316ccf5277c18a85a1c5f2d0b2_r.jpg,266354731
https://pic4.zhimg.com/v2-c45c47a0e7868f54a43dbd9005569260_r.jpg,266354731
https://pic3.zhimg.com/v2-489807b1d2df3c9daac0e4abfea83c90_r.jpg,266354731
https://pic4.zhimg.com/v2-ca7066b0374a2ed96f3655e4103573d0_r.jpg,266354731
https://pic3.zhimg.com/v2-2ab2ee57f70fe9f91f85fc05ed92b7b3_r.jpg,266354731
https://pic4.zhimg.com/v2-108cce05afdc03b20766986a3f67b0e8_r.jpg,266354731
https://pic2.zhimg.com/v2-a47bb47e73c8200bdb3ad19996affe86_r.jpg,266354731
https://pic1.zhimg.com/v2-497e23d51828fead6f5382cc14cd6723_r.jpg,266354731
https://pic1.zhimg.com/v2-945f21e145480d7d5417af9722403fdf_r.jpg,266354731
https://pic3.zhimg.com/v2-e656e944933e03133c7b74d40be321bf_r.jpg,266354731
https://pic4.zhimg.com/v2-6a616502e7d6de9911afb3bf2dbb535c_r.jpg,266354731
https://pic4.zhimg.com/v2-cdf62fbdbe02573b84795c935e382df8_r.jpg,266354731
https://pic1.zhimg.com/v2-c0a9b78181eea6b044174780dc020816_r.jpg,266354731
https://pic3.zhimg.com/v2-10b4cc96263574ff7d9cb98324cf5f27_r.jpg,266354731
https://pic1.zhimg.com/v2-75382f80b54381a06915734cb7fc5ad0_r.jpg,266354731
https://pic2.zhimg.com/v2-1d0b8c5d424437e4dfe9471f6ce8be2a_r.jpg,266354731
https://pic3.zhimg.com/v2-f0f6e23403689b6de35b1649c6ab15e1_r.jpg,266354731
https://pic2.zhimg.com/v2-a020a9c4f68a3992af98a942240c3497_r.jpg,266354731
https://pic3.zhimg.com/v2-6f89a9f09c841ddab8661351f04ee530_r.jpg,266354731
https://pic2.zhimg.com/v2-2e634ec574383ca5607c3ef8de748ee3_r.jpg,266354731
https://pic2.zhimg.com/v2-92d24f1b6d29413fe9d22982939f636a_r.jpg,266354731
https://pic4.zhimg.com/v2-97a732df1a020409b71485bb2eebca3f_r.jpg,266354731
https://pic4.zhimg.com/v2-25098e6a06a3b940311518cb51c733b2_r.jpg,266354731
https://pic4.zhimg.com/v2-dde1e3c1acac76028e9807e4a9be3f2e_r.jpg,266354731
https://pic1.zhimg.com/v2-4d295337c407e45b72ca815efbd2afed_r.jpg,266354731
https://pic4.zhimg.com/v2-65d0e1f4d0c943ee9f69f43cf457de64_r.jpg,266354731
https://pic4.zhimg.com/v2-bce24eff21aec001c72edad4f1084854_r.jpg,266354731
https://pic2.zhimg.com/v2-28e4873affd86dacc9db551cf4da8ba1_r.jpg,266354731
https://pic4.zhimg.com/v2-de7107b0212dcbec1a0c52747858421f_r.jpg,266354731
https://pic2.zhimg.com/v2-bc66e8eb61a5b1f7e707826755f260c2_r.jpg,266354731
https://pic4.zhimg.com/v2-25aa9035ed9e07c98d1a15de50508e14_r.jpg,266354731
https://pic3.zhimg.com/v2-513e0216c091bf7409620e5a0d95e0fd_r.jpg,266354731
https://pic2.zhimg.com/v2-f3224eb878395d399f1f514e3e0646c5_r.jpg,266354731
https://pic2.zhimg.com/v2-f7300474449e9855e8824fad77ee711d_r.jpg,266354731
https://pic4.zhimg.com/v2-e358a6f32945d66abff10bb7a460d358_r.jpg,266354731
https://pic3.zhimg.com/v2-c9820c6d6b19594e11f9cb2ad183bd47_r.jpg,266354731
https://pic3.zhimg.com/v2-bb7c710a97bae43d5564fc88498bdb62_r.jpg,266354731
https://pic4.zhimg.com/v2-be769671c02706293c514d47e5ddc804_r.jpg,266354731
https://pic1.zhimg.com/v2-69ee42ae31bb2708eaed279ceb1db023_r.jpg,266354731
https://pic2.zhimg.com/v2-fe0d090b23f3c2cb337b920253a8a214_r.jpg,266354731
https://pic1.zhimg.com/v2-9cc71ceb820197456d7c1a6b73d2fdd8_r.jpg,266354731
https://pic1.zhimg.com/v2-a3aec71ea01345c41ce5a5ba0dbe5b56_r.jpg,266354731
https://pic4.zhimg.com/v2-b16394037f8a00d95713afc896237d4e_r.jpg,266354731
https://pic4.zhimg.com/v2-1b782c1b45bb8f445e195f9e91cf64d6_r.jpg,266354731
https://pic2.zhimg.com/v2-dd0aad99bb79077e8e45d3747730ea54_r.jpg,266354731
https://pic4.zhimg.com/v2-fcde782921a96870618f18ee6f578e1a_r.jpg,266354731
https://pic4.zhimg.com/v2-26f663f1acb1e07e2543f6c4156481cf_r.jpg,266354731
https://pic4.zhimg.com/v2-1ae20bc0ab215c9becf0c41b2d254c19_r.jpg,266354731
https://pic2.zhimg.com/v2-3871e5657b228f27d6f40d02a742648c_r.jpg,266354731
https://pic1.zhimg.com/v2-6f0caae21c3c07147db9e6c9d3485ee5_r.jpg,266354731
https://pic4.zhimg.com/v2-c2807ac8caf125c10500340f3f630b37_r.jpg,266354731
https://pic1.zhimg.com/v2-3fd0876c51b5b3d46c832dba86eda686_r.jpg,266354731
https://pic1.zhimg.com/v2-c2ff2d28d7558e692c5063477bd29584_r.jpg,266354731
https://pic3.zhimg.com/v2-ceef8758d34262b8468d576dbfed28d6_r.jpg,266354731
https://pic2.zhimg.com/v2-21f9e9f244564f7d3f05683931c292c3_r.jpg,266354731
https://pic3.zhimg.com/v2-516454730ebc2fc2717cc82f659f3557_r.jpg,266354731
https://pic2.zhimg.com/v2-d97f6dcb02e5b97e5aa75a70e5048b14_r.jpg,266354731
https://pic4.zhimg.com/v2-e2acd6526fe2033c74fd3658175fc90e_r.jpg,266354731
https://pic2.zhimg.com/v2-a149080e3162673536e55f3edcdc8446_r.jpg,266354731
https://pic1.zhimg.com/v2-ad090b2b9fa3a0d6a3a76b942e54bd70_r.jpg,266354731
https://pic1.zhimg.com/v2-522f6caaae533d230cf8fa7c98750734_r.jpg,266354731
https://pic3.zhimg.com/v2-f199374a21fb6dd85482ace15eee0b03_r.jpg,266354731
https://pic2.zhimg.com/v2-e444229019ba0f0d4b2508778415ca02_r.jpg,266354731
https://pic2.zhimg.com/v2-c4acef9c02f03d7432df66c44f0b1841_r.jpg,266354731
https://pic1.zhimg.com/v2-77125f4a393d9595ce6bdfa4e22c07ce_r.jpg,266354731
https://pic1.zhimg.com/v2-85cd8b955510c6b047968d5b90674f57_r.jpg,266354731
https://pic1.zhimg.com/v2-7d4875dde8ec8ff05142661e6cca9ed1_r.jpg,266354731
https://pic1.zhimg.com/v2-ff98b941bc9dfeac7040852fce8e64c5_r.jpg,266354731
https://pic4.zhimg.com/v2-51b7c496c97aa65767b1db53c598722e_r.jpg,266354731
https://pic1.zhimg.com/v2-6e3e67428c1f076253efa32248ed40bf_r.jpg,266354731
https://pic4.zhimg.com/v2-d312c769bbaf2aa96e8cc41d3182333b_r.jpg,266354731
https://pic1.zhimg.com/v2-5c8f03e8b9331e6836e484329dd1b5a7_r.jpg,266354731
https://pic1.zhimg.com/v2-406208c053042aeb4dfd00451d32762f_r.jpg,266354731
https://pic1.zhimg.com/v2-e4d592a832d867cff719025c3026e0ce_r.jpg,266354731
https://pic2.zhimg.com/v2-9a15a5e97db5aa3d67e4404e1943e99f_r.jpg,266354731
https://pic1.zhimg.com/v2-1ec54fb7357ffc292f7c9a3f18124939_r.jpg,266354731
https://pic2.zhimg.com/v2-6e83b3bd3ff4eb8a54cf01af443a0db2_r.jpg,266354731
https://pic4.zhimg.com/v2-a75c94a676056e037f7b22edb897c61f_r.jpg,266354731
https://pic4.zhimg.com/v2-fc21e07a33b5cc5fe86e57480a700529_r.jpg,266354731
https://pic1.zhimg.com/v2-3b61f0da9e3751c94c617ce7bb9db5fa_r.jpg,266354731
https://pic4.zhimg.com/v2-34dd46f6510cad927fcf243cf9f6b4c9_r.jpg,266354731
https://pic2.zhimg.com/v2-3947efc4852d1ae5ca55ef0d6b5ee4a8_r.jpg,266354731
https://pic2.zhimg.com/v2-d38843d34836a28a54997b2d69ebf65f_r.jpg,266354731
https://pic2.zhimg.com/v2-33a42f9e396c477a8788f3ce37b09e82_r.jpg,266354731
https://pic2.zhimg.com/v2-abee60090ee06155b9996b928fe0aaf1_r.jpg,266354731
https://pic1.zhimg.com/v2-6873054dfa3e5a091f48baa812f3612a_r.jpg,266354731
https://pic1.zhimg.com/v2-1e465851110d4bacee180b6b51ede4ba_r.jpg,266354731
https://pic4.zhimg.com/v2-62c56681029c8b7e27df28021409cd7f_r.jpg,266354731
https://pic3.zhimg.com/v2-06bd39a92b45eeafbec676dbd4db1a68_r.jpg,266354731
https://pic4.zhimg.com/v2-b5b8caa2c05951223c1f3f30f31754d3_r.jpg,266354731
https://pic2.zhimg.com/v2-e3f23f7b43af2966732a62a257404af7_r.jpg,266354731
https://pic4.zhimg.com/v2-fb5250094116cec4f0bd8f64ae62099d_r.jpg,266354731
https://pic1.zhimg.com/v2-b91fa9c6cd9d923cb50ff8e3d48cd3a2_r.jpg,266354731
https://pic3.zhimg.com/v2-6ab14971e684108c6d44702e46d7adc4_r.jpg,266354731
https://pic3.zhimg.com/v2-34755e42181149d5cf19744c02dfb712_r.jpg,266354731
https://pic2.zhimg.com/v2-b51b68fe44e70f014bcc047b59549ae2_r.jpg,266354731
https://pic3.zhimg.com/v2-cf7c534c159f0e42deecc75d28b84af7_r.jpg,266354731
https://pic1.zhimg.com/v2-cfedc6a71908faba3d87e255e2227f3c_r.jpg,266354731
https://pic2.zhimg.com/v2-a835f57ab389da6f2f24a04297154836_r.jpg,266354731
https://pic1.zhimg.com/v2-f180c61ee8b1f48b0420ea781d8cc276_r.jpg,266354731
https://pic4.zhimg.com/v2-8621678d936a39f234d55bc080fa03ea_r.jpg,266354731
https://pic4.zhimg.com/v2-67af835095a41cfef4d4738344555612_r.jpg,266354731
https://pic3.zhimg.com/v2-3f4647101d83b191e2b832dd5ce3d205_r.jpg,266354731
https://pic2.zhimg.com/v2-868d8641a7abaa77df437bafefa6eeff_r.jpg,266354731
https://pic3.zhimg.com/v2-d83904f17b05f717cb05aea06c8b46ac_r.jpg,266354731
https://pic4.zhimg.com/v2-de162c3ebafd1e041ca503bc929d0d4d_r.jpg,266354731
https://pic3.zhimg.com/v2-8c5d6653c508a31f2bb9ad97119b8688_r.jpg,266354731
https://pic2.zhimg.com/v2-0e510a7b346764daea192a5d6bc5d337_r.jpg,266354731
https://pic3.zhimg.com/v2-218744a0bb62cf8b57795d14188ade56_r.jpg,266354731
https://pic3.zhimg.com/v2-5fd9d810a3e9b553a802ac23d9e8a3e6_r.jpg,266354731
https://pic4.zhimg.com/v2-39f608f0ea6996ea2947f8ee1734cc18_r.jpg,266354731
https://pic2.zhimg.com/v2-3d3cb26d3e07d23335f32c34cc5b729c_r.jpg,266354731
https://pic1.zhimg.com/v2-001d7bbe0b3b1a6d68f33976ccc5cd2b_r.jpg,266354731
https://pic4.zhimg.com/v2-752c96be6881d0582f047d2561ca752f_r.jpg,266354731
https://pic1.zhimg.com/v2-a70bde726d922cc7bd8eca9f9b9affa0_r.jpg,266354731
https://pic2.zhimg.com/v2-ca5a51300c65737119147cb77c357c38_r.jpg,266354731
https://pic1.zhimg.com/v2-a6efb054ea4219a7305a348cb841e20f_r.jpg,266354731
https://pic3.zhimg.com/v2-99e7fdd4832f9c608def9fd07d027089_r.jpg,266354731
https://pic4.zhimg.com/v2-826952d3554633432a1cef1ac37fe284_r.jpg,266354731
https://pic4.zhimg.com/v2-c6993ad3022af833b4bb53e37167c0f6_r.jpg,266354731
https://pic3.zhimg.com/v2-c6ccc50e1fb88440bc1fc73bdc65ce0e_r.jpg,266354731
https://pic1.zhimg.com/v2-80a8f21b0751d703984d12d814a56761_r.jpg,266354731
https://pic4.zhimg.com/v2-ef8944c0d0b66946fd0cfe073cf68ed3_r.jpg,266354731
https://pic2.zhimg.com/v2-dcc2937809444fbfcac791418b532231_r.jpg,266354731
https://pic1.zhimg.com/v2-de4c5467c4f2d867b10e57fdd0dfad9d_r.jpg,266354731
https://pic2.zhimg.com/v2-a12adc7e5f8e7707743ebd8f15420fc9_r.jpg,266354731
https://pic3.zhimg.com/v2-0573c069b9b1e074a93e11e89fc17dc7_r.jpg,266354731
https://pic2.zhimg.com/v2-3479998eed3a41515ce95dc50e75ee34_r.jpg,266354731
https://pic2.zhimg.com/v2-eef510e6d19b0bb00c1eb4c5b3f9bf66_r.jpg,266354731
https://pic3.zhimg.com/v2-c966c3b226beafad90482ca70d33dcda_r.jpg,266354731
https://pic1.zhimg.com/v2-d9857d8383e9ddc679e344f0474071d9_r.jpg,266354731
https://pic1.zhimg.com/v2-f7ffc821d458b9998c01fbaba392ea02_r.jpg,266354731
https://pic3.zhimg.com/v2-71a155513250598a1afd9515dce73f54_r.jpg,266354731
https://pic1.zhimg.com/v2-b6ddae2d98ef93a9c3fb06d73d46cee4_r.jpg,266354731
https://pic4.zhimg.com/v2-b8f659dad1ca9fb1ece7933d214850cc_r.jpg,266354731
https://pic4.zhimg.com/v2-875f0415fd38b04e3a8dd19896afdd91_r.jpg,266354731
https://pic4.zhimg.com/v2-9892188a377d3c166d4883492675418d_r.jpg,266354731
https://pic3.zhimg.com/v2-bd5c19d51014366cbba10ec3edc528f6_r.jpg,266354731
https://pic3.zhimg.com/v2-abfe25bd2b8d1a84c16925c0db7e5222_r.jpg,266354731
https://pic4.zhimg.com/v2-a0e16a4fa5b9484d1d55836754dd1e1b_r.jpg,266354731
https://pic2.zhimg.com/v2-4c362782eb2e866de47ac1c255542a68_r.jpg,266354731
https://pic3.zhimg.com/v2-c46b5d0484d858c0566591b86e219156_r.jpg,266354731
https://pic1.zhimg.com/v2-9a2af98a0e3ea937b7f7c52bea438a58_r.jpg,266354731
https://pic3.zhimg.com/v2-5278cc675f014d2861662e542e1bcb32_r.jpg,266354731
https://pic2.zhimg.com/v2-c13a583f05f314af1a2ed384318c5e12_r.jpg,266354731
https://pic1.zhimg.com/v2-f3c624e193f83fa47cde4e2da30eb8b1_r.jpg,266354731
https://pic2.zhimg.com/v2-646a767694597d3cde98592f463a7c73_r.jpg,266354731
https://pic1.zhimg.com/v2-50a3a11ce6f4c9cb966c629951521e17_r.jpg,266354731
https://pic4.zhimg.com/v2-fc169c038bcff71b35ff56b5eb4018ed_r.jpg,266354731
https://pic2.zhimg.com/v2-26aa850d9598be975f6bb0bc33d2426f_r.jpg,266354731
https://pic4.zhimg.com/v2-30232805dd571dfae4d26a45d5f4ebaa_r.jpg,266354731
https://pic2.zhimg.com/v2-fe99d9a00aceaab098d7bd0b94e34e48_r.jpg,266354731
https://pic3.zhimg.com/v2-6d6c16e0d5a6977a0a6c0d3e3d84a2a1_r.jpg,266354731
https://pic2.zhimg.com/v2-5e66fe36d914e78bb73ed4b070164293_r.jpg,266354731
https://pic4.zhimg.com/v2-c328ad9750d50323fffaa65bd2e9f08e_r.jpg,266354731
https://pic3.zhimg.com/v2-b05a8a4d176a6d8427660c857edcec9e_r.jpg,266354731
https://pic2.zhimg.com/v2-fae48c09915d2608bec1979e2901de05_r.jpg,266354731
https://pic4.zhimg.com/v2-7a371c69c71d556b95c460779a4cc1d1_r.jpg,266354731
https://pic2.zhimg.com/v2-f03adf5ea4598fa9d05fdc6888dab57e_r.jpg,266354731
https://pic2.zhimg.com/v2-f0cf4af032a2ddef67a6fc7dd9812a54_r.jpg,266354731
https://pic4.zhimg.com/v2-f6ef12a9be97e5310b6a0df379029418_r.jpg,266354731
https://pic3.zhimg.com/v2-fc3fa92a40fe7660947a51f2288c5bd1_r.jpg,266354731
https://pic4.zhimg.com/v2-d7c83ba17fc52a99c8f01c7e814681f6_r.jpg,266354731
https://pic2.zhimg.com/v2-ee78a5ae191e4fa5410b04b2643aba67_r.jpg,266354731
https://pic2.zhimg.com/v2-dff2d62a9f0ba6c8bcac04502406239f_r.jpg,266354731
https://pic1.zhimg.com/v2-55b50856d766065168c3681a9bce7fce_r.jpg,266354731
https://pic4.zhimg.com/v2-568b465004b9852f3bb7cb91119ff7f4_r.jpg,266354731
https://pic4.zhimg.com/v2-ac6a4170ae10567f4a41ff7405242b08_r.jpg,266354731
https://pic4.zhimg.com/v2-fcf953b28b31a4551d1ca4c37398ad70_r.jpg,266354731
https://pic1.zhimg.com/v2-0d877ae838a7549e4c539e1c26da98f9_r.jpg,266354731
https://pic2.zhimg.com/v2-3fb5a59572dc3d766f324cc97affc675_r.jpg,266354731
https://pic2.zhimg.com/v2-37e8c8f00270ad9e7f93c166f1ce4052_r.jpg,266354731
https://pic4.zhimg.com/v2-3466175b5ac1b2d0210a8d153390a9d0_r.jpg,266354731
https://pic2.zhimg.com/v2-1edec4fd7d92d6579eb8356b528f7386_r.jpg,266354731
https://pic1.zhimg.com/v2-84e72a17656b1f6e1bc9f36e4f75986b_r.jpg,266354731
https://pic3.zhimg.com/v2-35175dc348331a6e422d79663dcdeed0_r.jpg,266354731
